{"20":{"torso":{"0":0,"1":0,"2":0,"3":1},"head":{"0":0,"1":0,"2":0,"3":1},"leftUpperArm":{"0":0,"1":0,"2":0,"3":1},"leftLowerArm":{"0":0,"1":0,"2":0,"3":1},"rightUpperArm":{"0":-0.06268945336341858,"1":-0.918084442615509,"2":-0.14757095277309418,"3":0.3625114858150482},"rightLowerArm":{"0":-0.0699162483215332,"1":0.12501119077205658,"2":0.15019965171813965,"3":0.9782252311706543},"leftUpperLeg":{"0":0,"1":0,"2":0,"3":1},"leftLowerLeg":{"0":0,"1":0,"2":0,"3":1},"rightUpperLeg":{"0":0,"1":0,"2":0,"3":1},"rightLowerLeg":{"0":0,"1":0,"2":0,"3":1}},"30":{"torso":{"0":0,"1":0,"2":0,"3":1},"head":{"0":0,"1":0,"2":0,"3":1},"leftUpperArm":{"0":0,"1":0,"2":0,"3":1},"leftLowerArm":{"0":0,"1":0,"2":0,"3":1},"rightUpperArm":{"0":-0.06268945336341858,"1":-0.918084442615509,"2":-0.14757095277309418,"3":0.3625114858150482},"rightLowerArm":{"0":-0.0699162483215332,"1":0.12501119077205658,"2":0.15019965171813965,"3":0.9782252311706543},"leftUpperLeg":{"0":0,"1":0,"2":0,"3":1},"leftLowerLeg":{"0":-0.30993443727493286,"1":0.24250760674476624,"2":0.3114418685436249,"3":0.864947497844696},"rightUpperLeg":{"0":0,"1":0,"2":0,"3":1},"rightLowerLeg":{"0":0,"1":0,"2":0,"3":1}},"40":{"torso":{"0":0,"1":0,"2":0,"3":1},"head":{"0":0,"1":0,"2":0,"3":1},"leftUpperArm":{"0":-0.05651654303073883,"1":0.5102205276489258,"2":-0.05937962979078293,"3":0.8561276197433472},"leftLowerArm":{"0":-0.07574859261512756,"1":0.5932392477989197,"2":0.0954868271946907,"3":0.7957461476325989},"rightUpperArm":{"0":-0.06268945336341858,"1":-0.918084442615509,"2":-0.14757095277309418,"3":0.3625114858150482},"rightLowerArm":{"0":-0.0699162483215332,"1":0.12501119077205658,"2":0.15019965171813965,"3":0.9782252311706543},"leftUpperLeg":{"0":0,"1":0,"2":0,"3":1},"leftLowerLeg":{"0":-0.30993443727493286,"1":0.24250760674476624,"2":0.3114418685436249,"3":0.864947497844696},"rightUpperLeg":{"0":-0.1907740980386734,"1":0.3787603974342346,"2":0.16811245679855347,"3":0.889878511428833},"rightLowerLeg":{"0":-0.14025747776031494,"1":0.2645183205604553,"2":-0.02638344094157219,"3":0.953761875629425}}}
