{"0":{"torso":{"0":0,"1":0,"2":0,"3":1},"head":{"0":0,"1":0,"2":0,"3":1},"leftUpperArm":{"0":0,"1":0,"2":0,"3":1},"leftLowerArm":{"0":0,"1":0,"2":0,"3":1},"rightUpperArm":{"0":0,"1":0,"2":0,"3":1},"rightLowerArm":{"0":0,"1":0,"2":0,"3":1},"leftUpperLeg":{"0":0,"1":0,"2":0,"3":1},"leftLowerLeg":{"0":0,"1":0,"2":0,"3":1},"rightUpperLeg":{"0":0,"1":0,"2":0,"3":1},"rightLowerLeg":{"0":0,"1":0,"2":0,"3":1}},"10":{"torso":{"0":0,"1":0,"2":0,"3":1},"head":{"0":-0.17869438230991364,"1":-0.3144197463989258,"2":-0.26255327463150024,"3":0.8945808410644531},"leftUpperArm":{"0":-0.29780113697052,"1":0.5373108386993408,"2":0.03567461669445038,"3":0.7882511615753174},"leftLowerArm":{"0":0,"1":0,"2":0,"3":1},"rightUpperArm":{"0":-0.40889865159988403,"1":-0.5729742050170898,"2":-0.07277476787567139,"3":0.7065454125404358},"rightLowerArm":{"0":0,"1":0,"2":0,"3":1},"leftUpperLeg":{"0":0,"1":0,"2":0,"3":1},"leftLowerLeg":{"0":0,"1":0,"2":0,"3":1},"rightUpperLeg":{"0":0,"1":0,"2":0,"3":1},"rightLowerLeg":{"0":0,"1":0,"2":0,"3":1}},"20":{"torso":{"0":0,"1":0,"2":0,"3":1},"head":{"0":-0.17869438230991364,"1":-0.3144197463989258,"2":-0.26255327463150024,"3":0.8945808410644531},"leftUpperArm":{"0":-0.29780113697052,"1":0.5373108386993408,"2":0.03567461669445038,"3":0.7882511615753174},"leftLowerArm":{"0":0,"1":0,"2":0,"3":1},"rightUpperArm":{"0":-0.40889865159988403,"1":-0.5729742050170898,"2":-0.07277476787567139,"3":0.7065454125404358},"rightLowerArm":{"0":0,"1":0,"2":0,"3":1},"leftUpperLeg":{"0":0.3501434028148651,"1":-0.11838872730731964,"2":0.19746091961860657,"3":0.9079610705375671},"leftLowerLeg":{"0":-0.3665311634540558,"1":0.19610609114170074,"2":-0.11806642264127731,"3":0.9018080234527588},"rightUpperLeg":{"0":-0.42767736315727234,"1":0.1330966204404831,"2":-0.23303568363189697,"3":0.8631753325462341},"rightLowerLeg":{"0":0.35260945558547974,"1":-0.2539251446723938,"2":0.16431351006031036,"3":0.8855450749397278}},"30":{"torso":{"0":0,"1":0,"2":0,"3":1},"head":{"0":-0.17869438230991364,"1":-0.3144197463989258,"2":-0.26255327463150024,"3":0.8945808410644531},"leftUpperArm":{"0":-0.7477319240570068,"1":0.6020957827568054,"2":0.22779658436775208,"3":0.1627504527568817},"leftLowerArm":{"0":-0.35412079095840454,"1":0.3173534572124481,"2":-0.3460821807384491,"3":0.8087718486785889},"rightUpperArm":{"0":-0.44082093238830566,"1":-0.770623505115509,"2":-0.12693046033382416,"3":0.44238588213920593},"rightLowerArm":{"0":-0.23775187134742737,"1":-0.37128758430480957,"2":-0.19704511761665344,"3":0.875667154788971},"leftUpperLeg":{"0":-0.6385090351104736,"1":-0.08261585235595703,"2":0.0568741038441658,"3":0.7630506753921509},"leftLowerLeg":{"0":0.30384668707847595,"1":0.09573891013860703,"2":0.22576268017292023,"3":0.9206205010414124},"rightUpperLeg":{"0":0.2777143120765686,"1":-0.0011196730192750692,"2":0.22725720703601837,"3":0.9333955645561218},"rightLowerLeg":{"0":-0.322174996137619,"1":0.00953667238354683,"2":-0.030718551948666573,"3":0.9461337327957153}},"40":{"torso":{"0":0,"1":0,"2":0,"3":1},"head":{"0":-0.17869438230991364,"1":-0.3144197463989258,"2":-0.26255327463150024,"3":0.8945808410644531},"leftUpperArm":{"0":-0.523362398147583,"1":0.2959679961204529,"2":0.5379980206489563,"3":0.5908075571060181},"leftLowerArm":{"0":-0.35412079095840454,"1":0.3173534572124481,"2":-0.3460821807384491,"3":0.8087718486785889},"rightUpperArm":{"0":-0.22116011381149292,"1":0.06347360461950302,"2":-0.1939905434846878,"3":0.9536392092704773},"rightLowerArm":{"0":-0.26961591839790344,"1":-0.7111610770225525,"2":-0.10790394246578217,"3":0.6402453780174255},"leftUpperLeg":{"0":-0.29276973009109497,"1":-0.40026482939720154,"2":0.08574246615171432,"3":0.8641308546066284},"leftLowerLeg":{"0":0.6173088550567627,"1":-0.13598234951496124,"2":0.4679638147354126,"3":0.6176149845123291},"rightUpperLeg":{"0":-0.8003606796264648,"1":0.07088414579629898,"2":-0.06304240226745605,"3":0.5919650793075562},"rightLowerLeg":{"0":-0.322174996137619,"1":0.00953667238354683,"2":-0.030718551948666573,"3":0.9461337327957153}}}
