{"0":{"torso":{"0":0,"1":0,"2":0,"3":1},"head":{"0":0,"1":0,"2":0,"3":1},"leftUpperArm":{"0":0,"1":0,"2":0,"3":1},"leftLowerArm":{"0":0,"1":0,"2":0,"3":1},"rightUpperArm":{"0":0,"1":0,"2":0,"3":1},"rightLowerArm":{"0":0,"1":0,"2":0,"3":1},"leftUpperLeg":{"0":0,"1":0,"2":0,"3":1},"leftLowerLeg":{"0":0,"1":0,"2":0,"3":1},"rightUpperLeg":{"0":0,"1":0,"2":0,"3":1},"rightLowerLeg":{"0":0,"1":0,"2":0,"3":1}},"5":{"torso":{"0":0,"1":0,"2":0,"3":1},"head":{"0":-0.3415542542934418,"1":-0.18765881657600403,"2":-0.08608747273683548,"3":0.9169042110443115},"leftUpperArm":{"0":-0.07861671596765518,"1":-0.10839975625276566,"2":-0.27943867444992065,"3":0.9507798552513123},"leftLowerArm":{"0":0.018433703109622,"1":0.6537600755691528,"2":-0.10726578533649445,"3":0.7488342523574829},"rightUpperArm":{"0":0,"1":0,"2":0,"3":1},"rightLowerArm":{"0":0,"1":0,"2":0,"3":1},"leftUpperLeg":{"0":0,"1":0,"2":0,"3":1},"leftLowerLeg":{"0":0,"1":0,"2":0,"3":1},"rightUpperLeg":{"0":0,"1":0,"2":0,"3":1},"rightLowerLeg":{"0":0,"1":0,"2":0,"3":1}},"20":{"torso":{"0":-0.23719552159309387,"1":-0.9669655561447144,"2":-0.09281250834465027,"3":-0.010139389894902706},"head":{"0":0.24917404353618622,"1":-0.5208372473716736,"2":0.18856695294380188,"3":0.7944070100784302},"leftUpperArm":{"0":0.2599950134754181,"1":0.7046891450881958,"2":0.048065006732940674,"3":0.6584112048149109},"leftLowerArm":{"0":-0.04481424391269684,"1":0.39697131514549255,"2":-0.2945667803287506,"3":0.8681222200393677},"rightUpperArm":{"0":0.058944221585989,"1":-0.7141682505607605,"2":-0.14822101593017578,"3":0.6815569996833801},"rightLowerArm":{"0":-0.48244115710258484,"1":-0.264578640460968,"2":-0.3327862024307251,"3":0.7658342719078064},"leftUpperLeg":{"0":-0.0012499355943873525,"1":-0.0031640375964343548,"2":-0.3095914125442505,"3":0.9508634805679321},"leftLowerLeg":{"0":0,"1":0,"2":0,"3":1},"rightUpperLeg":{"0":0,"1":0,"2":0,"3":1},"rightLowerLeg":{"0":0,"1":0,"2":0,"3":1}}}
