{"0":{"torso":{"0":0,"1":0,"2":0,"3":1},"head":{"0":0,"1":0,"2":0,"3":1},"leftUpperArm":{"0":0,"1":0,"2":0,"3":1},"leftLowerArm":{"0":0,"1":0,"2":0,"3":1},"rightUpperArm":{"0":0,"1":0,"2":0,"3":1},"rightLowerArm":{"0":0,"1":0,"2":0,"3":1},"leftUpperLeg":{"0":0,"1":0,"2":0,"3":1},"leftLowerLeg":{"0":0,"1":0,"2":0,"3":1},"rightUpperLeg":{"0":0,"1":0,"2":0,"3":1},"rightLowerLeg":{"0":0,"1":0,"2":0,"3":1}},"10":{"torso":{"0":0,"1":0,"2":0,"3":1},"head":{"0":0,"1":0,"2":0,"3":1},"leftUpperArm":{"0":0,"1":0,"2":0,"3":1},"leftLowerArm":{"0":0.05259757488965988,"1":-0.3293045163154602,"2":-0.08798886835575104,"3":0.9386425614356995},"rightUpperArm":{"0":0,"1":0,"2":0,"3":1},"rightLowerArm":{"0":0,"1":0,"2":0,"3":1},"leftUpperLeg":{"0":-0.008680633269250393,"1":-0.3813684284687042,"2":0.04509890079498291,"3":0.9232815504074097},"leftLowerLeg":{"0":0,"1":0,"2":0,"3":1},"rightUpperLeg":{"0":0,"1":0,"2":0,"3":1},"rightLowerLeg":{"0":0,"1":0,"2":0,"3":1}}}
